paper_id,title,abstract,body_text,url
28f2f3169e77c805aedcf96c7bc5b4e69ee6d353,"The Epidemiological Implications of Incarceration Dynamics in Jails for Community, Corrections Officer, and Incarcerated Population Risks from COVID-19","COVID-19 challenges the daily function of nearly every institution of society. It is the duty of any society to be responsive to such challenges by relying on the best tools and logic available to analyze the costs and benefits of any mitigative action. We here provide a mathematical model to explore the epidemiological consequences of allowing standard intake and unaltered within-jail operational dynamics to be maintained during the ongoing COVID-19 pandemic, and contrast this with proposed interventions to reduce the burden of negative health outcomes. In this way, we provide estimates of the infection risks, and likely loss of life, that arise from current incarceration practices. We provide estimates for in-custody deaths and show how the within-jail dynamics lead to spill-over risks, not only affecting the incarcerated people, but increasing the exposure, infection, and death rates for both corrections officers with whom they interact within the jail system, and the broader community beyond the justice system. We show that, given a typical jail-community dynamic, operating in a business as usual way will result in significant and rapid loss of life. Large scale reductions in arrest and speeding of releases are likely to save the lives of incarcerated people, staff and the community at large.
As the COVID-19 pandemic sweeps the globe, one of the critical functions of 2 epidemiology is to consider how society can transform current practice to increase the 3 health and safety of the public. The widespread risk of infection and the high case 4 fatality rates, especially in older or medically compromised populations, mean that we, 5 as a society, must be willing to consider structural reforms to our institutions to 6 promote an overall greater good. To these ends, we have already seen systemic shifts in 7 institutional practices that would be unthinkable under normal conditions: 8 , 2020","Introduction 1 people to practice CDC recommendations such as social distancing [12] , the 23 incarc",https://doi.org/10.1101/2020.04.08.20058842
33ba4fd2f541bcde6a8455017226aee19cae36e1,COVID-19: Vulnerability and the power of privilege in a pandemic,,"On 11 March 2020, the World Health Organization announced that COVID-19 was characterised as a pande",https://www.ncbi.nlm.nih.gov/pmc/articles/PMC7165578/
bb5b1c8f92c32804e3be3491e11ee981c216e732,,,Millions of refugees and migrants reside in countries devastated by protracted conflicts with weaken,https://doi.org/10.1016/s1473-3099(20)30292-9
4dbbb469d8fd9d7f85f2e6b3d93439ba90352c42,Comment,,The mental health effects of the coronavirus disease 2019 (COVID-19) pandemic might be profound 1 an,https://doi.org/10.1016/s2215-0366(20)30171-1
43d4eadd45196bbbafecfb3c888c18274d917859,A mechanistic population balance model to evaluate the impact of interventions on infectious disease outbreaks: Case for COVID19,"Infectious diseases, especially when new and highly contagious, could be devastating producing epidemic outbreaks and pandemics. Predicting the outcomes of such events in relation to possible interventions is crucial for societal and healthcare planning and forecasting of resource needs. Deterministic and mechanistic models can capture the main known phenomena of epidemics while also allowing for a meaningful interpretation of results. In this work a deterministic mechanistic population balance model was developed. The model describes individuals in a population by infection stage and age group. The population is treated as in a close well mixed community with no migrations. Infection rates and clinical and epidemiological information govern the transitions between stages of the disease. The present model provides a steppingstone to build upon and its current low complexity retains accessibility to non experts and policy makers to comprehend the variables and phenomena at play.","The impact of specific interventions on the outbreak time course, number of cases and outcome of fat",https://doi.org/10.1101/2020.04.04.20053017
9c33486a49de4aea64ce61c0a2c21a88c316b6a8,SOCRATES: An online tool leveraging a social contact data sharing initiative to assess mitigation strategies for COVID-19,"Objective: Establishing a social contact data sharing initiative and an online tool to assess mitigation strategies for COVID-19. Results: Using our online tool and the available social contact data, we illustrate that social distancing could have a considerable impact on reducing transmission for COVID-19. The effect itself depends on assumptions made about disease-specific characteristics and the choice of intervention(s).","Given the expanding pandemic of SARS-CoV-2, which causes COVID-19 disease, it is of great importance",https://doi.org/10.1101/2020.03.03.20030627
7e113ef34f6f88619c94903d50f9a8bd90bec604,CAN-NPI: A Curated Open Dataset of Canadian Non-Pharmaceutical Interventions in Response to the Global COVID-19 Pandemic,"Non-pharmaceutical interventions (NPIs) have been the primary tool used by governments and organizations to mitigate the spread of the ongoing pandemic of COVID-19. Natural experiments are currently being conducted on the impact of these interventions, but most of these occur at the subnational level -data not available in early global datasets. We describe the rapid development of the first comprehensive, labelled dataset of 1640 NPIs implemented at federal, provincial/territorial and municipal levels in Canada to guide COVID-19 research. For each intervention, we provide: a) information on timing to aid in longitudinal evaluation, b) location to allow for robust spatial analyses, and c) classification based on intervention type and target population, including classification aligned with a previously developed measure of government response stringency. This initial dataset release (v1.0) spans January 1st, and March 31st, 2020; bi-weekly data updates to continue for the duration of the pandemic. This novel dataset enables robust, inter-jurisdictional comparisons of pandemic response, can serve as a model for other jurisdictions and can be linked with other information about case counts, transmission dynamics, health care utilization, mobility data and economic indicators to derive important insights regarding NPI impact.
. CC-BY 4.0 International license It is made available under a author/funder, who has granted medRxiv a license to display the preprint in perpetuity.
is the (which was not peer-reviewed) The copyright holder for this preprint .","Since the first case of COVID-19 was reported in Canada in January 2020, there have been a total of ",https://doi.org/10.1101/2020.04.17.20068460
60147573e52f2a0215b12534fc3b81e3d06296e8,U.S. county-level characteristics to inform equitable COVID-19 response * shared first authorship † shared last authorship,"words: 401 Main text words: 2610 Abstract Background The spread of Coronavirus Disease 2019 across the United States confirms that not all Americans are equally at risk of infection, severe disease, or mortality. A range of intersecting biological, demographic, and socioeconomic factors are likely to determine an individual's susceptibility to COVID-19. These factors vary significantly across counties in the United States, and often reflect the structural inequities in our society. Recognizing this vast inter-county variation in risks will be critical to mounting an adequate response strategy.
Using publicly available county-specific data we identified key biological, demographic, and socioeconomic factors influencing susceptibility to COVID-19, guided by international experiences and consideration of epidemiological parameters of importance. We created bivariate county-level maps to summarize examples of key relationships across these categories, grouping age and poverty; comorbidities and lack of health insurance; proximity, density and bed capacity; and race and ethnicity, and premature death. We have also made available an interactive online tool that allows public health officials to query risk factors most relevant to their local context.
Our data demonstrate significant inter-county variation in key epidemiological risk factors, with a clustering of counties in certain states, which will result in an increased demand on their public health system. While the East and West coast cities are particularly vulnerable owing to their densities (and travel routes), a large number of counties in the Southeastern states have a high proportion of at-risk populations, with high levels of poverty, comorbidities, and premature death at baseline, and low levels of health insurance coverage.
The list of variables we have examined is by no means comprehensive, and several of them are interrelated and magnify underlying vulnerabilities. The online tool allows readers to explore additional combinations of risk factors, set categorical thresholds for each covariate, and filter counties above different population thresholds.
Conclusion COVID-19 responses and decision making in the United States remain decentralized. Both the federal and state governments will benefit from recognizing high intra-state, inter-county variation in population risks and response capacity. Many of the factors that are likely to exacerbate the burden of COVID-19 and the demand on healthcare systems are the compounded result of long-standing structural inequalities in US society. Strategies to protect those in the most vulnerable counties will require urgent measures to better support communities' attempts at social distancing and to accelerate cooperation across jurisdictions to supply personnel and equipment to counties that will experience high demand.",The spread of Coronavirus Disease 2019 across the United States confirms that not all Americans are ,https://doi.org/10.1101/2020.04.08.20058248
7a5a8e3436a3ddc960c07cc769fc951551fda68b,"The effect of non-pharmaceutical interventions on COVID-19 cases, deaths and demand for hospital services in the UK: a modelling study","Non-pharmaceutical interventions have been implemented to reduce transmission of SARS-CoV-2 in the UK. Projecting the size of an unmitigated epidemic and the potential effect of different control measures has been critical to support evidence-based policymaking during the early stages of the epidemic.
We used a stochastic age-structured transmission model to explore a range of intervention scenarios, including the introduction of school closures, social distancing, shielding of elderly groups, self-isolation of symptomatic cases, and extreme ""lockdown""-type restrictions. We simulated different durations of interventions and triggers for introduction, as well as combinations of interventions. For each scenario, we projected estimated new cases over time, patients requiring inpatient and critical care (intensive care unit, ICU) treatment, and deaths.
We found that mitigation measures aimed at reducing transmission would likely have decreased the reproduction number, but not sufficiently to prevent ICU demand from exceeding NHS availability. To keep ICU bed demand below capacity in the model, more extreme restrictions were necessary. In a scenario where ""lockdown""-type interventions were put in place to reduce transmission, these interventions would need to be in place for a large proportion of the coming year in order to prevent healthcare demand exceeding availability.
The characteristics of SARS-CoV-2 mean that extreme measures are likely required to bring the epidemic under control and to prevent very large numbers of deaths and an excess of demand on hospital beds, especially those in ICUs.
As countries have moved from early containment efforts to planning for the introduction of large-scale non-pharmaceutical interventions to control COVID-19 outbreaks, epidemic modelling studies have explored the potential for extensive social distancing measures to curb transmission. However, it remains unclear how different combinations of interventions, timings, and triggers for the introduction and lifting of control measures may affect the impact of the epidemic on health services, and what the range of uncertainty associated with these estimates would be.
Using a stochastic, age-structured epidemic model, we explored how eight different intervention scenarios could influence the number of new cases and deaths, as well as intensive care beds required over the projected course of the epidemic. We also assessed the potential impact of local versus national targeting of interventions, reduction in leisure events, impact of increased childcare by grandparents, and timing of triggers for different control measures. We simulated multiple realisations for each scenario to reflect uncertainty in possible epidemic trajectories.
Our results support early modelling findings, and subsequent empirical observations, that in the absence of control measures, a COVID-19 epidemic could quickly overwhelm a healthcare system. We found that even a combination of moderate interventions -such as school closures, shielding of older groups and self-isolation -would be unlikely to prevent an epidemic that would far exceed available ICU capacity in the UK. Intermittent periods of more intensive lockdown-type measures are predicted to be effective for preventing the healthcare system from being overwhelmed.
3 . CC-BY 4.0 International license It is made available under a is the author/funder, who has granted medRxiv a license to display the preprint in perpetuity.
The copyright holder for this preprint .
We collated multiple sources of evidence to estimate key model parameters ( Table S1 ). In a meta-analysis, we estimated that the basic reproduction number, R 0 -which describes the average number of secondary infections caused by a typical primary infection in a completely susceptible population-was 2.7 (95% credible interval: 1.6-3.9) across settings without substantial control measures in place. We derived age-stratified case fatality ratios (CFR) to estimate a CFR that ranged substantially across age groups, from 0.1% in the 20-29 age group to 7.7% in the over-80 age group. Using these values along with the relationship between CFR and severe and critical cases, we also estimated the proportion of 4 . CC-BY 4.0 International license It is made available under a is the author/funder, who has granted medRxiv a license to display the preprint in perpetuity.
(which was not peer-reviewed) The copyright holder for this preprint .",The novel coronavirus SARS-CoV-2 has spread to multiple countries after causing an initial outbreak ,https://doi.org/10.1101/2020.04.01.20049908
ba43328b52015c7e30db2458f2c8aec53ccbea3a,Base protocol for real time active random surveillance of coronavirus disease (COVID-19) -Adapting veterinary methodology to public health,,"During December 2019, a new human disease (COVID-19) caused by the severe acute respiratory syndrome",https://doi.org/10.1016/j.onehlt.2020.100129
