paper_id,title,abstract,body_text,url
6186828135d9e5e7e50f66567505d02e910b3ee2,Association between 2019-nCoV transmission and N95 respirator use,,"All rights reserved. No reuse allowed without permission. author/funder, who has granted medRxiv a l",https://doi.org/10.1101/2020.02.18.20021881
762a3b35a577545dab2dfc6141edc5d9596bc010,"Invited Commentary An Invited Commentary on ""World Health Organization declares global emergency: A review of the 2019 novel Coronavirus (COVID-19)"": Emergency or new reality?",,"The onset of the novel Coronavirus Disease 2019 (COVID-19) outbreak in Wuhan, China, suggests animal",https://doi.org/10.1016/j.ijsu.2020.03.002
b9ffacdcfda1d28c4e66e502c275d9d246ca8587,Journal Pre-proof Transmission of COVID-19 in the terminal stage of incubation period: a familial cluster Manuscript Title: Transmission of COVID-19 in the terminal stage of incubation period: a familial cluster,,Family and hospital clusters with COVID-19 cases were previously reported and person-to-person trans,https://doi.org/10.1016/j.ijid.2020.03.027
5dc4268a42adf3d5c55c87b7f6518de600b057c5,Coronavirus Disease 2019 (COVID-19) Pandemic and Pregnancy,,"The current coronavirus disease 2019 (COVID-19) pneumonia pandemic, caused by the 68 severe acute re",https://doi.org/10.1016/j.ajog.2020.03.021
521479c589008ede74b15a4d4308ef79eefe39ca,Coronavirus disease 2019 (COVID-19): A literature review,,". On January 7, a novel coronavirus, originally abbreviated as 2019-nCoV by WHO, was identified from",https://doi.org/10.1016/j.jiph.2020.03.019
a0ecc9b46addbc1faab491434b5331702f7883b8,Title: A mathematical model for estimating the age-specific transmissibility of a novel 3 coronavirus 4 Running title: Age-specific transmissibility of SARS-CoV-2 5,"Background: A novel coronavirus named as ""SARS-CoV-2"" has spread widely in many countries since 38 December 2019, especially in China. This study aimed to quantify the age-specific transmissibility by 39 using a mathematical model.","In December 2019, a series of cases were identified by a novel coronavirus named severe acute 63 res",https://doi.org/10.1101/2020.03.05.20031849
7ec6332d53b8c8e46fdb031f1fdef2d06cdac574,"Journal Pre-proof Epidemiological Characteristics of Coronavirus Disease 2019 (COVID-19) Patients in IRAN: A single Center Study Mohamad Nikpouraghdam (Conceptualization) (Data curation) (Formal analysis) (Investigation) (Methodology) (Project administration) (Resources) (Supervision) (Validation) (Writing - original draft) (Writing -review and editing), Alireza Jalali Farahani (Data curation) (Writing -review and editing), GholamHossein Alishiri (Writing -review and editing), Soleyman Heydari (Data curation) (Writing -review and editing), Mehdi Ebrahimnia (Data curation) (Validation) (Writing -review and editing), Hossein Samadinia (Writing -review and editing), Mojtaba Sepandi (Conceptualization) (Data curation) (Formal analysis) (Investigation) (Methodology) (Project administration) (Software) (Supervision) (Validation) (Visualization) (Writing -original draft) (Writing -review and Epidemiological Characteristics of Coronavirus Disease 2019 (COVID-19) Patients in IRAN: A single Center Study","• The majority of cases were in the age group of 50 to 60 years of old.
•A total of 2964 cases of COVID-19 were investigated.
The datasets used and/or analyzed during the current study are available from the corresponding author on reasonable request.","•The male-to-female ratio was 1.93:1.
• A significant effect of age, gender and comorbidities on the",https://doi.org/10.1016/j.jcv.2020.104378
bc0f6a0468f1d83db643c31a8e9c8398d5741487,,,do not recommend use of a high-flow nasal cannula or noninvasive ventilation until the patient has v,https://doi.org/10.1016/s2213-2600(20)30110-7
27a92d6713749c9909dfc85ade0b5b92d5d08487,,,"Dear Editor-We read the publication on ""Corona Virus International Public Health Emergencies: Implic",https://doi.org/10.1016/j.acra.2020.03.021
4090d8537051fae501355bc567dc2dec620762eb,Journal Pre-proof Prevalence of comorbidities in the novel Wuhan coronavirus (COVID-19) infection: a systematic review and meta-analysis Prevalence of comorbidities in the Novel Wuhan Coronavirus (COVID-19) infection: a systematic review and meta-analysis," COVID -19 cases now confirmed in multiple countries.
 assessed the prevalence of comorbidities in infected patients.  comorbidities are risk factors for severe patients compare with Non-severe.
J o u r n a l P r e -p r o o f 2  help the health sector guide vulnerable populations and assess the risk of deterioration.
Background: An outbreak of Novel Coronavirus in Wuhan, China, the epidemic is more widespread than initially estimated, with cases now confirmed in multiple countries.
The aim of the meta-analysis was to assess the prevalence of comorbidities in the COVID-19 infection patients and the risk of underlying diseases in severe patients compared to non-severe patients.
A literature search was conducted using the databases PubMed, EMBASE, and Web of sciences until February 25, 2020. Risk ratio (OR) and 95% confidence intervals (CIs) were pooled using random-effects models.
Results: Eight studies were included in the meta-analysis, including 46248 infected patients. The result showed the most prevalent clinical symptom was fever ( 91±3, 95% CI 86-97% ), followed by cough (67±7, 95% CI 59-76%), fatigue ( 51±0, 95% CI 34-68% ) and dyspnea ( 30±4, 95% CI 21-40%). The most prevalent comorbidity were hypertension (17±7, 95% CI 14-22%) and diabetes ( 8±6, 95% CI 6-11% ), followed by cardiovascular diseases ( 5±4, 95% CI 4-7% ) and respiratory system disease( 2±0, 95% CI 1-3% ). Compared with the Non-severe patient, the pooled odds ratio of hypertension, respiratory system disease, cardiovascular disease in severe patients were (OR 2.36, 95% CI: 1.46-3.83) ,(OR 2.46, 95% CI: 1.76-3.44) and (OR 3.42, 95% CI: 1.88-6.22)respectively.
We assessed the prevalence of comorbidities in the COVID-19 infection patients and found underlying disease, including hypertension, respiratory system disease and cardiovascular, may be a risk factor for severe patients compared with Non-severe patients.","On December 31, 2019, a cluster of cases of ""pneumonia of unknown origin"" in people associated with ",https://doi.org/10.1016/j.ijid.2020.03.017
