paper_id,title,abstract,body_text,url
320e1640a5ddfcbed21e1afff08a86dc1b0af5b2,"Cardiovascular Considerations for Patients, Health Care Workers, and Health Systems During the Coronavirus Disease 2019 (COVID-19) Pandemic",,"First appearing in Wuhan, China, the coronavirus disease of 2019 is caused by severe acute respirato",https://doi.org/10.1016/j.jacc.2020.03.031
bc0f6a0468f1d83db643c31a8e9c8398d5741487,,,do not recommend use of a high-flow nasal cannula or noninvasive ventilation until the patient has v,https://doi.org/10.1016/s2213-2600(20)30110-7
6c32048d77cae44868e0ead284579289c2699b57,Crisis Symptom Management and Patient Communication Protocols Are Important Tools for All Clinicians Responding to COVID-19,"Symptom management and skilled communication with patients and families are essential clinical services in the midst of the COVID-19 pandemic. While palliative care specialists have training in these skills, many front-line clinicians from other specialties do not. It is imperative that all clinicians responding to the COVID-19 crisis have access to clinical tools to support symptom management and difficult patient and family communication.",Epidemiological data from China suggest that the two factors most closely associated with COVID-19 s,https://doi.org/10.1016/j.jpainsymman.2020.03.028
d9777989b2c8a672ecf0a3566138f5e959b60f70,,,"We have learned that during an influenza outbreak, elderly patients with cardiovascular illness have",https://doi.org/10.1016/j.jchf.2020.03.004
1c1aff9ccfa539a96b8ea4d09d1bee1707a58e7f,Cell-Based Therapies for COVID-19: Proper Clinical Investigations are Essential Cell-Based Therapies for COVID-19: Proper Clinical Investigations are Essential,"The serious consequences of the global COVID-19 pandemic have prompted a rapid gobal response to develop effective therapies that can lessen disease severity in infected patients.
Cell-based approaches, primarily using mesenchymal stromal cells (MSCs), have demonstrated a strong safety profile and possible efficacy in patients with the acute respiratory distress syndrome (ARDS), but whether these therapies are effective for treating respiratory virus-induced ARDS is unknown. According to the WHO ICTRP and the NIH clinicaltrials.gov databases, 27 clinical investigations of MSC-based cell therapy approaches have begun in China since the onset of the COVID-19 outbreak, as well as a growing number of academic and industry trials elsewhere. Several recent published reports have suggested potential efficacy; however, the available data presented is either anecdotal or from incomplete, poorly controlled investigations. Therefore, while there may be a potential role for MSCs and other cell-based therapies in treatment of COVID-19, these need to be investigated in a rationally designed, controlled approach if safety and efficacy are to be demonstrated accurately. We urge that the field proceeds by finding balance between swift experimentation and communication of results, and scientifically coherent generation and analysis of clinical data.",The number of patients infected as a result of the ongoing coronavirus disease pandemic continues to,https://doi.org/10.1016/j.jcyt.2020.04.089
54521bd72c1242be4cc154f66ebaf5759478e4cf,"""",,"Approximately 95 000 critical care beds, including surgical and specialty unit beds, are available i",https://www.ncbi.nlm.nih.gov/pmc/articles/PMC7081177/
07e8fa510ef52936aa9055edcad9643f7af4dd63,Journal Pre-proof COVID-19 and Kidney Failure in the Acute Care Setting: Our Experience From Seattle COVID-19 and Kidney Failure in the Acute Care Setting: Our Experience From Seattle,,"For weeks we watched as Wuhan, China was ravaged by the novel severe acute respiratory syndrome coro",https://doi.org/10.1053/j.ajkd.2020.04.001
3fe504e422063819de1c2696e9e2d3ebdbab0d26,Journal Pre-proof Telehealth: Helping Your Patients and Practice Survive and Thrive During the COVID-19 Crisis with Rapid Quality Implementation Telehealth: Helping Your Patients and Practice Survive and Thrive During the COVID-19 Crisis with Rapid Quality Implementation,,"In the CMS guidance, 1 many restrictions that have roadblocked telehealth adoption for decades have ",https://doi.org/10.1016/j.jaad.2020.03.052
25a77fd1e417ea69da63fd1a6a030d1f0cd0b968,Journal Pre-proof Acute At Home Management of Anaphylaxis During The Covid-19 Pandemic,,fatalities will likely result. Implicit in these numbers is the risk involved for uninfected COVID-1,https://doi.org/10.1016/j.jaip.2020.04.022
4e01a6a2ea3f1d911168135e6e92de98cc8e548c,Journal Pre-proof A CALL FOR RAPID SUBMISSION OF DATA FOR AGGREGATE REVIEW: Can daily radiotherapy imaging be used as a potential screen for COVID-19? A CALL FOR RAPID SUBMISSION OF DATA FOR AGGREGATE REVIEW: Can daily radiotherapy imaging be used as a potential screen for COVID-19?,,The coronavirus disease 2019 (COVID-19) caused by the severe acute respiratory syndrome coronavirus ,https://doi.org/10.1016/j.jtho.2020.04.006
