paper_id,title,abstract,body_text,url
5fc57b024cdde6ecf241fa6c3f98c6b379b4d413,Diagnostic Testing for Severe Acute Respiratory Syndrome-Related Coronavirus-2 A Narrative Review,,"I n December 2019, a cluster of patients with pneumonia of unknown cause was reported in Wuhan, Chin",https://www.ncbi.nlm.nih.gov/pmc/articles/PMC7170415/
eceb6e90bf2f158296ba008ae135cf265a0b27a9,A HIGH THROUGH-PUT ASSAY FOR CIRCULATING ANTIBODIES DIRECTED AGAINST THE S PROTEIN OF SEVERE ACUTE RESPIRATORY SYNDROME CORONAVIRUS 2 (SARS-CoV-2),"Background. More than one million infections with the severe acute respiratory syndrome corona virus 2 (SARS-CoV-2) have been confirmed. While PCR-based assays are used for diagnosis, high through-put serologic methods are needed to detect antibodies for seroserveillance and for identification of seroconversion, potential plasma donors, and the nature of the immune response to this pathogen.
A Luminex binding assay was used to assess the presence of antibodies in human sera from COVID-19-infected and -uninfected individuals specific for two recombinant proteins of SARS-CoV-2.
Findings. Fluorochrome-labeled beads were coated with a recombinant soluble stabilized trimeric SARS-CoV-2 S protein ectodomain or its central portion, the receptor binding domain (RBD). Coated beads were incubated with sera, followed by incubation with biotinylated anti-human total Ig antibodies and phycoerythrin (PE)-labeled streptavidin. Readout using a Luminex analyzer clearly differentiated between sera of the infected and uninfected subjects, delineating a wide range of serum antibody levels in infected subjects.
Interpretation. Antibody assays of sera can identify individuals who are infected with SARS-CoV-2 and have seroconverted, as well as subjects who have been infected and recovered. The use of the Luminex binding Ab assay has the advantage that it can be run in approximately 2.5 hours, uses very little antigen, and permits a high through-put of samples/day. Amanat F, Nguyen T, Chromikova V et al. A serological assay to detect SARS-CoV-2 seroconversion in humans. MedRxID 2020.",The outbreak of infections with SARS-CoV-2 began in late 2019. Specimens from nasopharyngeal swabs a,https://doi.org/10.1101/2020.04.14.20059501
06ae3906fb8f239bc8707cc14087dc733b951e4f,Racing Towards the Development of Diagnostics for a Novel Coronavirus (2019-nCoV),,"In December 2019, a mysterious viral illness causing pneumonia broke out in the city of Wuhan, in Hu",https://www.ncbi.nlm.nih.gov/pmc/articles/PMC7108485/
07bc6ec88771f1a904d5216db1899613c5cab563,Evaluation of antibody testing for SARS-CoV-2 using ELISA and lateral flow immunoassays,"The SARS-CoV-2 pandemic caused >1 million infections during January-March 2020. There is an urgent need for robust antibody detection approaches to support diagnostics, vaccine development, safe individual release from quarantine and population lock-down exit strategies. The early promise of lateral flow immunoassay (LFIA) devices has been questioned following concerns about sensitivity and specificity.
We used a panel of plasma samples designated SARS-CoV-2 positive (from SARS-CoV-2 RT-PCR-positive individuals; n=40) and negative (samples banked in the UK prior to December-2019 (n=142)). We tested plasma for SARS-Cov-2 IgM and IgG antibodies by ELISA and using nine different commercially available LFIA devices.
Results: ELISA detected SARS-CoV-2 IgM or IgG in 34/40 individuals with an RT-PCR-confirmed diagnosis of SARS-CoV-2 infection (sensitivity 85%, 95%CI 70-94%), vs 0/50 pre-pandemic controls (specificity 100% [95%CI 93-100%]). IgG levels were detected in 31/31 RT-PCRpositive individuals tested ≥10 days after symptom onset (sensitivity 100%, 95%CI 89-100%).
IgG titres rose during the 3 weeks post symptom onset and began to fall by 8 weeks, but remained above the detection threshold. Point estimates for the sensitivity of LFIA devices ranged from 55-70% versus RT-PCR and 65-85% versus ELISA, with specificity 95-100% and 93-100% respectively. Within the limits of the study size, the performance of most LFIA devices was similar.
The performance of current LFIA devices is inadequate for most individual patient applications. ELISA can be calibrated to be specific for detecting and quantifying SARS-CoV-2 IgM and IgG and is highly sensitive for IgG from 10 days following symptoms onset.
. CC-BY 4.0 International license It is made available under a is the author/funder, who has granted medRxiv a license to display the preprint in perpetuity.
The copyright holder for this preprint . https://doi.org/10. 1101 the primary target of specific neutralising antibodies, and current SARS-CoV-2 serology assays therefore typically seek to identify these antibodies ( Figure 1A-C) . Rapid lateral flow immunoassay (LFIA) devices provide a quick, point-of-care approach to antibody testing. A sensitive and specific antibody assay could directly contribute to early identification and . CC-BY 4.0 International license It is made available under a is the author/funder, who has granted medRxiv a license to display the preprint in perpetuity.
The copyright holder for this preprint . https://doi.org/10.1101/2020.04.15.20066407 doi: medRxiv preprint 4 isolation of cases, address unknowns regarding the extent of infection to inform mathematical models and support individual or population-level release from lock-down.
However, before either laboratory assays or LFIA devices can be widely deployed, their performance characteristics need to be evaluated ( Figure 1D,E) . 11 We therefore compared a novel laboratory-based ELISA assay with nine commercially-available LFIA devices using samples from patients with RT-PCR-confirmed SARS-CoV-2 infection, and negative prepandemic samples.
METHODS
142 plasma samples designated seronegative for SARS-CoV-2 were collected from adults (≥18 years) in the UK before December 2019 (Table S1 ) from three ethically approved sources: healthy blood donors, organ donors on ICU following cerebral injury and healthy volunteers from a vaccine study, BERT.
Forty plasma samples were collected from adults positive for SARS-CoV-2 by RT-PCR from an upper respiratory tract (nose/throat) swab tested in accredited laboratories (Table S1 ). Acute (≤28 days from symptom onset) and convalescent samples (>28 days) were included to optimise detection of SARS-CoV-2 specific IgM and IgG respectively ( Figure 1B ). Acute samples were collected from patients a median 10 (range 4-27) days from symptom onset (n=16), and from recovering healthcare workers median 13 [range 8-19] days after first symptoms; (n=6).
Convalescent samples were collected from adults a median 48 [range 31-62] days after symptom onset and/or date of positive throat swab (n=18). Further sample details in Supplementary Material.
Cases were classified following WHO criteria as critical (respiratory failure, septic shock, and/or multiple organ dysfunction/failure); severe (dyspnoea, respiratory frequency ≥30/minute, blood oxygen saturation ≤93%, PaO2/FiO2 ratio <300, and/or lung infiltrates >50% of the lung fields within 24-48 hours); or otherwise mild. 12 Among 22 acute cases, 9
were critical, 4 severe and 9 mild. All but one convalescent individual had mild disease; the other was asymptomatic and screened during enhanced contact tracing.
. CC-BY 4.0 International license It is made available under a is the author/funder, who has granted medRxiv a license to display the preprint in perpetuity.","The first cases of infection with a novel coronavirus, subsequently designated SARS-CoV-2, emerged i",https://doi.org/10.1101/2020.04.15.20066407
973176b2271e62022702244fe3e0313f8aaa8f7c,,,The current response to the coronavirus disease 2019 (COVID-19) pandemic involves aggressive impleme,https://doi.org/10.1016/s0140-6736(20)30763-7
762a3b35a577545dab2dfc6141edc5d9596bc010,"Invited Commentary An Invited Commentary on ""World Health Organization declares global emergency: A review of the 2019 novel Coronavirus (COVID-19)"": Emergency or new reality?",,"The onset of the novel Coronavirus Disease 2019 (COVID-19) outbreak in Wuhan, China, suggests animal",https://doi.org/10.1016/j.ijsu.2020.03.002
17818d663b9a6036d4b93b59d2897c4bdf620e9d,Journal Pre-proof Bat influenza viruses: Making a double agent of MHC class II Bat influenza viruses: Making a double agent of MHC class II Journal Pre-proof,"Major histocompatibility complex class II has recently been identified as a cellular receptor for bat influenza viruses. Here, we discuss the possible implications of viral exploitation of this critical host defense molecule and highlight the need for more intense study of bat-influenza virus interactions.
Influenza A viruses (IAVs) circulate globally and based on WHO estimates, annual epidemics of influenza result in ~1 billion infections, 3-5 million cases of severe illness and 300,000-500,000 deaths. The severity of pandemic influenza depends on multiple factors, such as the virulence of the pandemic virus strain, and the level of pre-existing immunity in the population. The discovery of two novel bat influenza viruses, H17N10 and H18N11 (Table 1) [1-3] has raised","J o u r n a l P r e -p r o o f 2 several questions about the evolution, host range, tropism, and tra",https://doi.org/10.1016/j.tim.2020.04.006
e88dc30971c4fabc10db8484f2b745e0ea6d3ef5,,,"The recent outbreak of coronavirus disease 2019 (COVID-19), caused by the SARS-CoV-2, had raised gre",https://doi.org/10.1016/j.jinf.2020.03.032
e54bae40b99a93996e340c76b48790bfbda268f3,Comment 2,,"As of April 14, 2020, just under 2 million cases of corona virus disease 2019 (COVID19) have been re",https://doi.org/10.1016/s1473-3099(20)30322-4
2ba93d76780bdb2d46d5d72cf87dfafc66720e4a,Sequencing analysis of the spread of SARS-CoV2 in the Greater New York City Region,"Effective public response to a pandemic relies upon accurate measurement of the extent and dynamics of an outbreak. Viral genome sequencing has emerged as a powerful means to link seemingly unrelated cases, and large-scale sequencing surveillance can inform on critical epidemiological parameters. Here, we report analysis of 156 SARS-CoV2 sequences from individuals in the New York City metropolitan area during the initial stages of the 2020 COVID-19 outbreak. The majority of samples had no recent travel history or known exposure. Comparison to global viral sequences showed that the majority of sequences were most related to samples from Europe. Our data are consistent with numerous seed transmissions and a period of unrecognized community spreading. This work highlights the complementary role of genomic surveillance to traditional epidemiological indicators.","In December of 2019, the novel pneumonia COVID-19 emerged in the city of Wuhan, in Hubei province, C",https://doi.org/10.1101/2020.04.15.20064931
