paper_id,title,abstract,body_text,url
28c2fc1c95d2000f451a5961fbfad57af1bda709,Detection of novel coronaviruses in bats in Myanmar,"The recent emergence of bat-borne zoonotic viruses warrants vigilant surveillance in their natural hosts. Of particular concern is the family of coronaviruses, which includes the causative agents of severe acute respiratory syndrome (SARS), Middle East respiratory syndrome (MERS), and most recently, Coronavirus Disease 2019 (COVID-19), an epidemic of acute respiratory illness originating from Wuhan, China in December 2019. Viral detection, discovery, and surveillance activities were undertaken in Myanmar to identify viruses in animals at high risk contact interfaces with people. Free-ranging bats were captured, and rectal and oral swabs and guano samples collected for coronaviral screening using broadly reactive consensus conventional polymerase chain reaction. Sequences from positives were compared to known coronaviruses. Three novel alphacoronaviruses, three novel betacoronaviruses, and one known alphacoronavirus previously identified in other southeast Asian countries were detected for the first time in bats in Myanmar. Ongoing land use change remains a prominent driver of zoonotic disease emergence in Myanmar, bringing humans into ever closer contact with wildlife, and justifying continued surveillance and vigilance at broad scales.","Infectious diseases are considered to be ""emerging"" if they appear in a new population or geographic",https://www.ncbi.nlm.nih.gov/pmc/articles/PMC7144984/
17818d663b9a6036d4b93b59d2897c4bdf620e9d,Journal Pre-proof Bat influenza viruses: Making a double agent of MHC class II Bat influenza viruses: Making a double agent of MHC class II Journal Pre-proof,"Major histocompatibility complex class II has recently been identified as a cellular receptor for bat influenza viruses. Here, we discuss the possible implications of viral exploitation of this critical host defense molecule and highlight the need for more intense study of bat-influenza virus interactions.
Influenza A viruses (IAVs) circulate globally and based on WHO estimates, annual epidemics of influenza result in ~1 billion infections, 3-5 million cases of severe illness and 300,000-500,000 deaths. The severity of pandemic influenza depends on multiple factors, such as the virulence of the pandemic virus strain, and the level of pre-existing immunity in the population. The discovery of two novel bat influenza viruses, H17N10 and H18N11 (Table 1) [1-3] has raised","J o u r n a l P r e -p r o o f 2 several questions about the evolution, host range, tropism, and tra",https://doi.org/10.1016/j.tim.2020.04.006
e88dc30971c4fabc10db8484f2b745e0ea6d3ef5,,,"The recent outbreak of coronavirus disease 2019 (COVID-19), caused by the SARS-CoV-2, had raised gre",https://doi.org/10.1016/j.jinf.2020.03.032
ce707aeb4fe129ed6e3b011c2776f48b9cb200d6,,"publicly funded repositories, such as the WHO COVID database with rights for unrestricted research re-use and analyses in any form or by any means with acknowledgement of the original source. These permissions are granted for free by Elsevier for as long as the COVID-19 resource centre remains active.
Greater disruption to economic activity, stability, and growth Businesses and corporations can be engaged in business continuity plans that also prevent further spread, as part of a whole-of-society approach
Multiple information sources leading to misinformation; false information might spread quickly Unconventional but reliable information channels and social media can be used for risk communication Table: Challenges, and opportunities for epidemic preparedness associated with characteristics of urban settings Lancet Infect Dis 2020","In recent decades, many emerging infectious diseases have been occurring at an increasing scale and ",https://doi.org/10.1016/s1473-3099(20)30249-8
fd0ff52a8e80a95a3a21d26f4c81577c8b6d215c,,,"International Committee on Taxonomy of Viruses-ICTV, Taxonomy history: Orthocoronavirinae. Accessed ",https://www.ncbi.nlm.nih.gov/pmc/articles/PMC7169798/
f8e1902f60f36647eaef5101a66e4cf122dcc673,Travellers give wings to novel coronavirus (2019-nCoV),,"Lethality and transmissibility are not necessarily linked, and lethality depends on the host species",https://www.ncbi.nlm.nih.gov/pmc/articles/PMC7107561/
977a268a0d12d801058ab6fde3970804a1499c0a,Broad Host Range of SARS-CoV-2 Predicted by Comparative and Structural Analysis of ACE2 in Vertebrates,"The novel coronavirus SARS-CoV-2 is the cause of Coronavirus Disease-2019 . The main receptor of SARS-CoV-2, angiotensin I converting enzyme 2 (ACE2), is now undergoing extensive scrutiny to understand the routes of transmission and sensitivity in different species. Here, we utilized a unique dataset of 410 vertebrates, including 252 mammals, to study cross-species conservation of ACE2 and its likelihood to function as a SARS-CoV-2 receptor. We designed a five-category ranking score based on the conservation properties of 25 amino acids important for the binding between receptor and virus, classifying all species from very high to very low . Only mammals fell into the medium to very high categories, and only catarrhine primates in the very high category, suggesting that they are at high risk for SARS-CoV-2 infection. We employed a protein structural analysis to qualitatively assess whether amino acid changes at variable residues would be likely to disrupt ACE2/SARS-CoV-2 binding, and found the number of predicted unfavorable changes significantly correlated with the binding score. Extending this analysis to human population data, we found only rare (<0.1%) variants in 10/25 binding sites. In addition, we observed evidence of positive selection in ACE2 in multiple species, including bats. Utilized appropriately, our results may lead to the identification of intermediate host species for SARS-CoV-2, justify the selection of animal models of COVID-19, and assist the conservation of animals both in native habitats and in human care.","The 2019-novel coronavirus (2019-nCoV, also, SARS-CoV-2 and COVID-19 virus) is the cause of Coronavi",https://doi.org/10.1101/2020.04.16.045302
7b78e4e578cbc0ab052f2c778e5474874cd95cc0,The global spread of 2019-nCoV: a molecular evolutionary analysis,"The global spread of the 2019-nCoV is continuing and is fast moving, as indicated by the WHO raising the risk assessment to high. In this article, we provide a preliminary phylodynamic and phylogeographic analysis of this new virus. A Maximum Clade Credibility tree has been built using the 29 available whole genome sequences of 2019-nCoV and two whole genome sequences that are highly similar sequences from Bat SARS-like Coronavirus available in GeneBank. We are able to clarify the mechanism of transmission among the countries which have provided the 2019-nCoV sequence isolates from their patients. The Bayesian phylogeographic reconstruction shows that the 2019-2020 nCoV most probably originated from the Bat SARS-like Coronavirus circulating in the Rhinolophus bat family. In agreement with epidemiological observations, the most likely geographic origin of the new outbreak was the city of Wuhan, China, where 2019-nCoV time of the most recent common ancestor emerged, according to molecular clock analysis, around November 25 th , 2019. These results, together with previously recorded epidemics, suggest a recurring pattern of periodical epizootic outbreaks due to Betacoronavirus. Moreover, our study describes the same population genetic dynamic underlying the SARS 2003 epidemic, and suggests the urgent need for the development of effective molecular surveillance strategies of Betacoronavirus among animals and Rhinolophus of the bat family.",Emerging viruses and pathogens represent a global public health threat. The recent Coronavirus epide,https://www.ncbi.nlm.nih.gov/pmc/articles/PMC7099638/
dddee474a198d83a7fddca2b26e8d55400a1a809,Global transmission network of SARS-CoV-2: from outbreak to pandemic,"Background. The COVID-19 pandemic caused by the severe acute respiratory syndrome coronavirus 2 (SARS-CoV-2) is straining health systems around the world. Although the Chinese government implemented a number of severe restrictions on people's movement in an attempt to contain its local and international spread, the virus had already reached many areas of the world in part due to its potent transmissibility and the fact that a substantial fraction of infected individuals develop little or no symptoms at all. Following its emergence, the virus started to generate sustained transmission in neighboring countries in Asia, Western Europe, Australia, Canada and the United States, and finally in South America and Africa. As the virus continues its global spread, a clear and evidence-based understanding of properties and dynamics of the global transmission network of SARS-CoV-2 is essential to design and put in place efficient and globally coordinated interventions. Methods. We employ molecular surveillance data of SARS-CoV-2 epidemics for inference and comprehensive analysis of its global transmission network before the pandemic declaration. Our goal was to characterize the spatial-temporal transmission pathways that led to the establishment of the pandemic. We exploited a network-based approach specifically tailored to emerging outbreak settings. Specifically, it traces the accumulation of mutations in viral genomic variants via mutation trees, which are then used to infer transmission networks, revealing an up-to-date picture of the spread of SARS-CoV-2 between and within countries and geographic regions. Results and Conclusions. The analysis suggest multiple introductions of SARS-CoV-2 into the majority of world regions by means of heterogeneous transmission pathways. The transmission network is scale-free, with a few genomic variants responsible for the majority of possible transmissions. The network structure is in line with the available temporal information represented by sample collection times and suggest the expected sampling time difference of few days between potential transmission pairs. The inferred network structural properties, transmission clusters and pathways and virus introduction routes emphasize the extent of the global epidemiological linkage and demonstrate the importance of internationally coordinated public health measures.","The COVID-19 pandemic due to the SARS-CoV-2 virus that emerged out of the city of Wuhan, Hubei Provi",https://doi.org/10.1101/2020.03.22.20041145
1989bf8f3de6079242e304cf7fe487f2900a9bbe,,,week of the first day of disease onset (unpublished data). 2 These findings indicate that wastewater,https://doi.org/10.1016/s2468-1253(20)30087-x
