paper_id,title,abstract,body_text,url
68983be3a36aa4db52155422e8f917ab5198f1b9,,,"As the coronavirus disease 2019 (COVID-19) pandemic continues advancing globally, reporting of clini",https://doi.org/10.1016/s0140-6736(20)30922-3
10681f2ada6efd8f72bc02a0f56e1882d4af59e7,Journal Pre-proof Practical Bioethics during the Exceptional Circumstances of a Pandemic,,"During times of societal upheaval, such as in war or pandemics, physicians take on leadership roles ",https://doi.org/10.1016/j.pediatrneurol.2020.04.011
60c2274562d67bf0b49036377482de22aaafc47c,Perceived vulnerability to COVID-19 infection from event national emergency declaration,,official announcements were made regarding the cancellations of any on-campus activities 1 1 0 befor,https://doi.org/10.1101/2020.04.01.20049742
33ba4fd2f541bcde6a8455017226aee19cae36e1,COVID-19: Vulnerability and the power of privilege in a pandemic,,"On 11 March 2020, the World Health Organization announced that COVID-19 was characterised as a pande",https://www.ncbi.nlm.nih.gov/pmc/articles/PMC7165578/
f5bde8288f266042aedb1ad450b5f47af7199e8d,Estimating SARS-CoV-2 seroprevalence and epidemiological parameters with uncertainty from serological surveys,"and ygrad@hsph.harvard.edu.
Establishing how many people have already been infected by SARS-CoV-2 is an urgent priority for controlling the COVID-19 pandemic. Patchy virological testing has hampered interpretation of confirmed case counts, and unknown rates of asymptomatic and mild infections make it challenging to de-1 . CC-BY-NC-ND 4.0 International license It is made available under a author/funder, who has granted medRxiv a license to display the preprint in perpetuity.
is the (which was not peer-reviewed) The copyright holder for this preprint . : medRxiv preprint Third, there is uncertainty inherent to any model-based forecast which uses the empirical estimation of seroprevalence, regardless of the quality of the test, in part because of the uncertain relationship between seropositivity and immunity (2).
A clear evidence-based guide to aid the design of serological studies is critical to policy makers and public health officials both for estimation of seroprevalence and for forward-looking modeling efforts, particularly if serological positivity reflects immune protection. To address this need, we developed a framework that can be used to design and interpret serological studies, with applicability to SARS-CoV-2. Starting with results from a serological survey of a given size and age stratification, the framework incorporates the test's sensitivity and specificity and enables estimates of population seroprevalence that include uncertainty. These estimates can then be used in models of disease spread to calculate the effective reproductive number R eff , the transmission potential of SARS-CoV-2 under partial immunity, to forecast disease dynamics, and to assess the impact of candidate public health and clinical interventions. Similarly, starting with a pre-specified tolerance for uncertainty in seroprevalence estimates, the framework can be used to define the sample size needed. This framework can be used in conjunction with any model, including ODE models (3, 4), agent-based simulations (5), or network simulations (6), and can be used to estimate R eff or to simulate transmission dynamics.",velop evidence-based public health policies. Serological tests that identify past infection can be u,https://doi.org/10.1101/2020.04.15.20067066
760e0abca8e3927ac4eac0b188410daa8dd0a663,,,"Understanding risk perceptions of the public is critical for risk communication. In February 2020, t",https://www.ncbi.nlm.nih.gov/pmc/articles/PMC7140598/
28f2f3169e77c805aedcf96c7bc5b4e69ee6d353,"The Epidemiological Implications of Incarceration Dynamics in Jails for Community, Corrections Officer, and Incarcerated Population Risks from COVID-19","COVID-19 challenges the daily function of nearly every institution of society. It is the duty of any society to be responsive to such challenges by relying on the best tools and logic available to analyze the costs and benefits of any mitigative action. We here provide a mathematical model to explore the epidemiological consequences of allowing standard intake and unaltered within-jail operational dynamics to be maintained during the ongoing COVID-19 pandemic, and contrast this with proposed interventions to reduce the burden of negative health outcomes. In this way, we provide estimates of the infection risks, and likely loss of life, that arise from current incarceration practices. We provide estimates for in-custody deaths and show how the within-jail dynamics lead to spill-over risks, not only affecting the incarcerated people, but increasing the exposure, infection, and death rates for both corrections officers with whom they interact within the jail system, and the broader community beyond the justice system. We show that, given a typical jail-community dynamic, operating in a business as usual way will result in significant and rapid loss of life. Large scale reductions in arrest and speeding of releases are likely to save the lives of incarcerated people, staff and the community at large.
As the COVID-19 pandemic sweeps the globe, one of the critical functions of 2 epidemiology is to consider how society can transform current practice to increase the 3 health and safety of the public. The widespread risk of infection and the high case 4 fatality rates, especially in older or medically compromised populations, mean that we, 5 as a society, must be willing to consider structural reforms to our institutions to 6 promote an overall greater good. To these ends, we have already seen systemic shifts in 7 institutional practices that would be unthinkable under normal conditions: 8 , 2020","Introduction 1 people to practice CDC recommendations such as social distancing [12] , the 23 incarc",https://doi.org/10.1101/2020.04.08.20058842
d2bcf551df384f34222ec31b16167163aac2b34d,,,Type of article: Guest editorial / Op-ED / Perspective Name(s) of the author(s) with the highest aca,https://doi.org/10.1016/j.mjafi.2020.04.001
5c9e2666e2ef11cb5a92b694127c4f4e69b1b994,To appear in: One Health,"During the first few months of 2020, the COVID-19 pandemic has reached Europe. Health systems all over the world are trying to control the outbreak in the shortest possible time. Exotic disease outbreaks are not uncommon in animal health and randomised surveillance is frequently used as support for decision-making. This editorial discusses the possibilities of practicing One Health, by using methods from animal health to enhance surveillance for COVID-19 to provide an evidence base fort decision-making in communities and countries.",The new coronavirus disease (COVID-19) caused by the severe acute respiratory syndrome coronavirus 2,https://doi.org/10.1016/j.onehlt.2020.100130
893a64f234f7fbb850cd5448a76d0d1d10a4ad0e,Environmental Research and Public Health Editorial Research Frontiers of Health Emergency and Disaster Risk Management: What Do We Know So Far?,"Health-Emergency Disaster Risk Management (Health-EDRM) emerged as the latest knowledge, research and policy paradigm shift from response to preparedness and health risk management in non-emergency times [1] . This approach attempts to enlist and empower communities to invest and emphasize their disaster health risk reduction efforts, thereby strengthening health systems and supporting community health resilience building. This Special Issue has collected 20 scientific papers that attempt to examine the research frontier in Health-EDRM.
Major Health-EDRM research evidence gaps were found during a global research agenda setting meeting of the 2018 WHO Health-EDRM global research group in Kobe. Kayano, Chan, Murry et al. [2] highlighted the development need for relevant research methodologies, risk communication approaches, health data management strategies, practical health emergency study ethical guidelines, bridging global research capacity disparities, and infrastructure constraints, to ensure knowledge advancement in Health-EDRM. The authors also pointed out the lack of understanding of psychosocial health risk profiling in population subgroups. Reifel's analysis showed a better understanding of current doctrines and practices in both clinical mental health practices and policy, which will help to bridge the conceptual interlinkages between the preventive-based disaster risk reduction policy agenda and the curative-focused disaster mental health discipline [3] . Genereux, Schluter, Tamahashi et al. [4] argued that standardizing psychometrically robust instruments would also be urgently needed to identify at-risk patients throughout-before, during, and after emergencies and disasters-to ensure that mental and social health needs are addressed throughout the pathway of care (prevention, screening, diagnosis, treatment, and rehabilitation). Aung, Murry and Kayano [5] discussed the need for new research and ethical guidelines to harmonize research efforts in Health-EDRM and Kubo, Yanasan, Herbosa et al. [6] described the challenges in the standardization of health data collection throughout the research processes.
Existing surveillance databases, new study tools, and innovation methodologies may help to identify population health risks and support Health-EDRM policy development. Using a syndromic surveillance database in the Philippines, Salazar, Law, Winkler [7] showed how an existing clinical based database might be useful in assisting emergency health service planning decision making during outbreaks in armed conflict. Even with the database limitations to report injuries and death, this existing data system was nevertheless useful to support non-communicable diseases' service caseload planning. Using the computerized random digit dialling methods for rapid data collection after a major urban subway fire incident, Chan, Huang, Hung et al. [8] captured health risk perception, misconceptions, and community first-aid response knowledge in urban man-made emergency incidents. Using social media data from Twitter, Gruebner, Lowe, Sykora et al. [9] showed how the spatio-temporal distribution of Int.","Health-Emergency Disaster Risk Management (Health-EDRM) emerged as the latest knowledge, research an",https://www.ncbi.nlm.nih.gov/pmc/articles/PMC7084795/
