paper_id,title,abstract,body_text,url
3c8014c708cbb661c613b0ccbcf263a2d87e5298,Automated and semi-automated contact tracing: Protocol for a rapid review of available evidence and current challenges to inform the control of COVID-19,"Traditional approaches to case-finding, case isolation, and contact tracing methods have so far proved insufficient on their own to prevent the development of local epidemics of COVID-19 in many high-income countries despite relatively advanced public health systems. As a result, many governments have resorted to widespread social distancing measures and mass quarantines ('lock-downs') to reduce transmission and to prevent healthcare systems from being overwhelmed. However, such measures impose heavy human and societal costs. Automated or semi-automated digital contact tracing, in conjunction with scaled-up community testing, has been proposed as a key part of exit strategies from lockdowns. However, the effectiveness of these approaches to contact tracing is unclear, and to be effective, trusted, and widely adopted such technology must overcome several challenges.
We will perform a rapid systematic review to assess the effectiveness of automated and semiautomated digital tools for contact tracing, and identify key considerations for successful implementation, to inform the control of COVID-19. We will search PubMed, EMBASE, EBSCO Medical COVID information portal, OVID Global Health, Cochrane Library, medRxiv, BioRxiv, and arXiv for peer-reviewed and pre-print papers on automated or semi-automated digital tools for contact tracing of COVID-19, another respiratory disease with pandemic potential (limited to SARS, MERS, or pandemic influenza), or Ebola, in human populations. Studies will be eligible if published in English between 1 January 2000 and 14 April 2020. We will synthesise study findings narratively and will consider meta-analysis if ≥3 suitable studies with comparable interventions and outcomes are available.
Ethical approval is not required for this review. We plan to disseminate findings via pre-print, journal publication, through social media and web-based platforms and through direct stakeholder engagement.",COVID-19 is a highly infectious novel coronavirus whose spread has rapidly led to a global pandemic ,https://doi.org/10.1101/2020.04.14.20063636
622bcc11b311e7cc8e759f8c8aa838e54c0495f3,Supporting Clinicians During the COVID-19 Pandemic,,T he coronavirus disease 2019 (COVID-19) pandemic has upended clinicians' sense of order and control,https://www.ncbi.nlm.nih.gov/pmc/articles/PMC7106065/
5f67a1728f161c8c28fe9c0aac724c8ba87ffc2c,,nn(n):1-2 n https://doi.,The COVID-19 Pandemic and Mayo Clinic Proceedings Q1 T he United States of America and the world rem,https://doi.org/10.1016/j.mayocp.2020.04.009
208c1957db28c901369e5c500dddd30ee7fa7d41,,,"www.thelancet.com/lancetgh 1
The COVID-19 pandemic raging around the world is shining a bright light",https://doi.org/10.1016/s2214-109x(20)30138-8
88705bf64b1b58e07b3fe4ca83cc8d6a26c310ab,Family-Centered Care During the COVID-19 Era,"word count 147) Family support is more, not less, important during crisis. However, during the COVID-19 pandemic, maintaining public safety necessitates restricting the physical presence of families for hospitalized patients. In response, health systems must rapidly adapt family-centric procedures and tools to circumvent restrictions on physical presence. Strategies for maintaining family integrity must acknowledge clinicians' limited time and attention to devote to learning new skills.
Internet-based solutions can facilitate the routine, predictable, and structured communication which is central to family-centered care. But the reliance on technology may compromise patient privacy and exacerbate racial, socioeconomic, and geographic disparities for populations that lack access to reliable internet access, devices or technological literacy. We provide a toolbox of strategies for supporting family-centered inpatient care during physical distancing responsive to the current clinical climate. Innovations in the implementation of family involvement during hospitalizations may lead to long-term progress in the delivery of family-centered care.",Family-centered care is threatened during the COVID-19 pandemic. The participation of family members,https://doi.org/10.1016/j.jpainsymman.2020.04.017
c1f083fbc638ed4605c32d373170ebe8c40942a2,Variability in State Regulations Pertaining to Infection Control and Pandemic Response in US Assisted Living Communities,,"At the end of 2019, international attention was drawn to an outbreak of zoonotic coronavirus SARS-Co",https://doi.org/10.1016/j.jamda.2020.03.021
7504f2b7f0277eb79faf47e1515df94e959afc3b,Journal Pre-proof Pandemic,,"""All models are wrong but some are useful."" --George Box ""No matter how much falls on us, we keep pl",https://doi.org/10.1016/j.jacr.2020.04.017
ce00d499f5011f8a31697fdb4d4d8453770c72c7,Title: Rapid implementation of mobile technology for real-time epidemiology of COVID-19,"The rapid pace of the severe acute respiratory syndrome coronavirus 2 (SARS-CoV-2) pandemic (COVID-19) presents challenges to the robust collection of population-scale data to address this global health crisis. We established the COronavirus Pandemic Epidemiology 20 (COPE) consortium to bring together scientists with expertise in big data research and epidemiology to develop a COVID-19 Symptom Tracker mobile application that we launched in the UK on March 24, 2020 and the US on March 29, 2020 garnering more than 2.25 million users to date. This mobile application offers data on risk factors, herald symptoms, clinical outcomes, and geographical hot spots. This initiative offers critical proof-of-concept for the 25 repurposing of existing approaches to enable rapidly scalable epidemiologic data collection and analysis which is critical for a data-driven response to this public health challenge.",The exponentially increasing number of severe acute respiratory syndrome coronavirus 2 (SARS-CoV-2) ,https://doi.org/10.1101/2020.04.02.20051334
1296900b079ac8cec3a04825b25cfdc5007037b1,,,Individuals in US Immigration and Customs Enforcement (ICE) detention are at risk from serious conse,https://doi.org/10.1016/s1473-3099(20)30295-4
2ae96e7f15a88f1d7c05d60c95facaf5c77d6b7f,Protecting the psychological health of children through effective communication about COVID-19,,The attention of the world is rightly focused on measures to mitigate the transmission and economic ,https://doi.org/10.1016/s2352-4642(20)30097-3
