paper_id,title,abstract,body_text,url
3015d59a4ae7dcbd0072c2d8cd7accf4d6dd679c,"COVID-19, an emerging coronavirus infection: advances and prospects in designing and developing vaccines, immunotherapeutics, and therapeutics","The novel coronavirus infection or Coronavirus disease 2019) that emerged from Wuhan, Hubei province of China has spread to many countries worldwide. Efforts have been made to develop vaccines against human coronavirus (CoV) infections such as MERS and SARS in the past decades. However, to date, no licensed antiviral treatment or vaccine exists for MERS and SARS. Most of the efforts for developing CoV vaccines and drugs target the spike glycoprotein or S protein, the major inducer of neutralizing antibodies. Although a few candidates have shown efficacy in in vitro studies, not many have progressed to randomized animal or human trials, hence may have limited use to counter COVID-19 infection. This article highlights ongoing advances in designing vaccines and therapeutics to counter COVID-19 while also focusing on such experiences and advances as made with earlier SARS-and MERS-CoVs, which together could enable efforts to halt this emerging virus infection.
ARTICLE HISTORY","Coronaviruses (CoVs) are positive-sense, single-stranded RNA viruses of the family Coronaviridae (su",https://www.ncbi.nlm.nih.gov/pmc/articles/PMC7103671/
86fdb46789544d1773114ed2c5e214e7f11ef49c,The IMPDH inhibitor merimepodib suppresses SARS-CoV-2 replication in vitro,"The ongoing COVID-19 pandemic continues to pose a major public health burden around the world. The novel coronavirus, severe acute respiratory syndrome coronavirus 2 (SARS-CoV-2), has infected over one million people worldwide as of April, 2020, and has led to the deaths of nearly 300,000 people. No approved vaccines or treatments in the USA currently exist for COVID-19, so there is an urgent need to develop effective countermeasures. The IMPDH inhibitor merimepodib (MMPD) is an investigational antiviral drug that acts as a noncompetitive inhibitor of IMPDH. It has been demonstrated to suppress replication of a variety of emerging RNA viruses. We report here that MMPD suppresses SARS-CoV-2 replication in vitro. After overnight pretreatment of Vero cells with 10 μM of MMPD, viral titers were reduced by 4 logs of magnitude, while pretreatment for 4 hours resulted in a 3-log drop.
The effect is dose-dependent, and concentrations as low as 3.3 μM significantly reduced viral titers when the cells were pretreated prior to infection. The results of this study provide evidence that MMPD may be a viable treatment option for COVID-19.",The ongoing COVID-19 pandemic continues to pose a major public health burden around the world. The n,https://doi.org/10.1101/2020.04.07.028589
38c35aed007b69cf403a097e93b18ad261072568,Modelling SARS-CoV-2 Dynamics: Implications 3 for Therapy,"The scientific community is focussed on developing antiviral therapies to 25 mitigate the impacts of the ongoing novel coronavirus disease This will be facilitated by improved understanding of viral dynamics within infected 27 hosts. Here, using a mathematical model in combination with published viral load 28 data collected from the same specimen (throat / nasal swabs or nasopharyngeal / 29 sputum / tracheal aspirate), we compare within-host dynamics for patients infected in 30 the current outbreak with analogous dynamics for MERS-CoV and SARS-CoV 31 infections. Our quantitative analyses revealed that SARS-CoV-2 infection dynamics 32 are more severe than those for mild cases of MERS-CoV, but are similar to severe 33 cases, and that the viral dynamics of SARS-CoV infection are similar to those of 34 MERS-CoV in mild cases but not in severe case. Consequently, SARS-CoV-2 35 generates infection dynamics that are more severe than SARS-CoV. Furthermore, 36 we used our viral dynamics model to predict the effectiveness of unlicensed drugs 37 that have different methods of action. The effectiveness was measured by AUC of 38 viral load. Our results indicated that therapies that block de novo infections or virus 39 production are most likely to be effective if initiated before the peak viral load (which 40 occurs around three days after symptom onset on average), but therapies that 41 promote cytotoxicity are likely to have only limited effects. Our unique mathematical 42 approach provides insights into the pathogenesis of SARS-CoV-2 in humans, which 43 are useful for development of antiviral therapies. 44 Keywords: 45 SARS-CoV-2, MERS-CoV, SARS-CoV, mathematical model, antiviral therapy 46 All rights reserved. No reuse allowed without permission.
the author/funder, who has granted medRxiv a license to display the preprint in perpetuity.",We analysed data describing SARS-CoV-2 viral loads reported by Zou et al. 81 (1) and MERS-CoV viral ,https://doi.org/10.1101/2020.03.23.20040493
4634bbdcdabf5d53fb7b2f81f1625a815540aae5,,,Severe acute respiratory syndrome (SARS) is an infectious disease characterised by substantial morbi,https://doi.org/10.1016/s1473-3099(05)01307-1
34aa3019092aa11deeae183727cc28c5a92ead73,Establishment and validation of a pseudovirus neutralization assay for SARS-CoV-2,"Pseudoviruses are useful virological tools because of their safety and versatility, especially for emerging and re-emerging viruses. Due to its high pathogenicity and infectivity and the lack of effective vaccines and therapeutics, live SARS-CoV-2 has to be handled under biosafety level 3 conditions, which has hindered the development of vaccines and therapeutics. Based on a VSV pseudovirus production system, a pseudovirus-based neutralization assay has been developed for evaluating neutralizing antibodies against SARS-CoV-2 in biosafety level 2 facilities. The key parameters for this assay were optimized, including cell types, cell numbers, virus inoculum. When tested against the SARS-CoV-2 pseudovirus, SARS-CoV-2 convalescent patient sera showed high neutralizing potency, which underscore its potential as therapeutics. The limit of detection for this assay was determined as 22.1 and 43.2 for human and mouse serum samples respectively using a panel of 120 negative samples. The cutoff values were set as 30 and 50 for human and mouse serum samples, respectively. This assay showed relatively low coefficient of variations with 15.9% and 16.2% for the intra-and inter-assay analyses respectively. Taken together, we established a robust pseudovirus-based neutralization assay for SARS-CoV-2 and are glad to share pseudoviruses and related protocols with the developers of vaccines or therapeutics to fight against this lethal virus.",Coronavirus is a member of coronavirus subfamily Coronaviridae. Its host is rich and varied. In addi,https://www.ncbi.nlm.nih.gov/pmc/articles/PMC7144318/
2024e4d5d7bced06b7a1673457a3063a5f4bc567,Research and Development on Therapeutic Agents and Vaccines for COVID-19 and Related Human Coronavirus Diseases,,"The outbreak of the novel coronavirus disease, COVID-19, caused by the new coronavirus 2019-nCoV tha",https://www.ncbi.nlm.nih.gov/pmc/articles/PMC7094090/
68c019e27e6596ffe4f8b1e6def86514f2a8e199,Estimating Probabilities of Success of Clinical Trials for Vaccines and Other Anti-Infective Therapeutics 1,"A key driver in biopharmaceutical investment decisions is the probability of success of a drug development program. We estimate the probabilities of success (PoS) of clinical trials for vaccines and other anti-infective therapeutics using 43,414 unique triplets of clinical trial, drug, and disease between January 1, 2000, and January 7, 2020, yielding 2,544 vaccine programs and 6,829 non-vaccine programs targeting infectious diseases. The overall estimated PoS for an industry-sponsored vaccine program is 39.6%, and 16.3% for an industry-sponsored anti-infective therapeutic. Among industry-sponsored vaccines programs, only 12 out of 27 disease categories have seen at least one approval, with the most successful being against monkeypox (100%), rotavirus (78.7%), and Japanese encephalitis (67.6%). The three infectious diseases with the highest PoS for industry-sponsored nonvaccine therapeutics are smallpox (100%), CMV (31.8%), and onychomycosis (29.8%). Nonindustry-sponsored vaccine and non-vaccine development programs have lower overall PoSs: 6.8% and 8.2%, respectively. Viruses involved in recent outbreaks-MERS, SARS, Ebola, Zika-have had a combined total of only 45 non-vaccine development programs initiated over the past two decades, and no approved therapy to date (Note: our data was obtained just before the COVID-19 outbreak and do not contain information about the programs targeting this disease.) These estimates offer guidance both to biopharma investors as well as to policymakers seeking to identify areas most likely to be undeserved by private-sector engagement and in need of public-sector support.","In this paper, we provide estimates of the historical probabilities of success (PoS) of clinical tri",https://doi.org/10.1101/2020.04.09.20059600
eceb6e90bf2f158296ba008ae135cf265a0b27a9,A HIGH THROUGH-PUT ASSAY FOR CIRCULATING ANTIBODIES DIRECTED AGAINST THE S PROTEIN OF SEVERE ACUTE RESPIRATORY SYNDROME CORONAVIRUS 2 (SARS-CoV-2),"Background. More than one million infections with the severe acute respiratory syndrome corona virus 2 (SARS-CoV-2) have been confirmed. While PCR-based assays are used for diagnosis, high through-put serologic methods are needed to detect antibodies for seroserveillance and for identification of seroconversion, potential plasma donors, and the nature of the immune response to this pathogen.
A Luminex binding assay was used to assess the presence of antibodies in human sera from COVID-19-infected and -uninfected individuals specific for two recombinant proteins of SARS-CoV-2.
Findings. Fluorochrome-labeled beads were coated with a recombinant soluble stabilized trimeric SARS-CoV-2 S protein ectodomain or its central portion, the receptor binding domain (RBD). Coated beads were incubated with sera, followed by incubation with biotinylated anti-human total Ig antibodies and phycoerythrin (PE)-labeled streptavidin. Readout using a Luminex analyzer clearly differentiated between sera of the infected and uninfected subjects, delineating a wide range of serum antibody levels in infected subjects.
Interpretation. Antibody assays of sera can identify individuals who are infected with SARS-CoV-2 and have seroconverted, as well as subjects who have been infected and recovered. The use of the Luminex binding Ab assay has the advantage that it can be run in approximately 2.5 hours, uses very little antigen, and permits a high through-put of samples/day. Amanat F, Nguyen T, Chromikova V et al. A serological assay to detect SARS-CoV-2 seroconversion in humans. MedRxID 2020.",The outbreak of infections with SARS-CoV-2 began in late 2019. Specimens from nasopharyngeal swabs a,https://doi.org/10.1101/2020.04.14.20059501
05d0b2ce8152a4b6d1dcede7cf2ea4c9f7d99f3a,A Large-scale Drug Repositioning Survey for SARS-CoV-2 Antivirals,"The emergence of novel SARS coronavirus 2 (SARS-CoV-2) in 2019 has triggered an ongoing global pandemic of severe pneumonia-like disease designated as coronavirus disease 2019 . To date, more than 2.1 million confirmed cases and 139,500 deaths have been reported worldwide, and there are currently no medical countermeasures available to prevent or treat the disease. As the development of a vaccine could require at least 12-18 months, and the typical timeline from hit finding to drug registration of an antiviral is >10 years, repositioning of known drugs can significantly accelerate the development and deployment of therapies for COVID-19. To identify therapeutics that can be repurposed as SARS-CoV-2 antivirals, we profiled a library of known drugs encompassing approximately 12,000 clinical-stage or FDAapproved small molecules. Here, we report the identification of 30 known drugs that inhibit viral replication. Of these, six were characterized for cellular dose-activity relationships, and showed effective concentrations likely to be commensurate with therapeutic doses in patients. These include the PIKfyve kinase inhibitor Apilimod, cysteine protease inhibitors MDL-28170, Z LVG CHN2, VBY-825, and ONO 5334, and the CCR1 antagonist MLN-3897. Since many of these molecules have advanced into the clinic, the known pharmacological and human safety profiles of these compounds will accelerate their preclinical and clinical evaluation for COVID-19 treatment.
author/funder. All rights reserved. No reuse allowed without permission.","In December 2019, the novel SARS coronavirus 2 (SARS-CoV-2) was identified as the causative agent of",https://doi.org/10.1101/2020.04.16.044016
5e670558d4677a98977bf99daf4945be77494415,"Articles Safety and immunogenicity of a modified vaccinia virus Ankara vector vaccine candidate for Middle East respiratory syndrome: an open-label, phase 1 trial","Background The Middle East respiratory syndrome coronavirus (MERS-CoV) causes a respiratory disease with a case fatality rate of up to 35%. Given its potential to cause a public health emergency and the absence of efficacious drugs or vaccines, MERS is one of the WHO priority diseases warranting urgent research and development of countermeasures. We aimed to assess safety and tolerability of an anti-MERS-CoV modified vaccinia virus Ankara (MVA)-based vaccine candidate that expresses the MERS-CoV spike glycoprotein, MVA-MERS-S, in healthy adults.
Methods This open-label, phase 1 trial was done at the University Medical Center Hamburg-Eppendorf (Hamburg, Germany). Participants were healthy men and women aged 18-55 years with no clinically significant health problems as determined during medical history and physical examination, a body-mass index of 18·5-30·0 kg/m² and weight of more than 50 kg at screening, and a negative pregnancy test for women. A key exclusion criterion was a previous MVA vaccination. For the prime immunisation, participants received doses of 1 × 10⁷ plaque-forming unit (PFU; low-dose group) or 1 × 10⁸ PFU (high-dose group) MVA-MERS-S intramuscularly. A second identical dose was administered intramuscularly as a booster immunisation 28 days after first injection. As a control group for immunogenicity analyses, blood samples were drawn at identical study timepoints from six healthy adults, who did not receive any injections. The primary objectives of the study were safety and tolerability of the two dosage levels and reactogenicity after administration. Immunogenicity was assessed as a secondary endpoint by ELISA and neutralisation tests. T-cell immunity was evaluated by interferon-γ-linked enzyme-linked immune absorbent spot assay. All participants who were vaccinated at least once were included in the safety analysis. Immunogenicity was analysed in the participants who completed 6 months of follow-up. This trial is registered with ClinicalTrials.gov, NCT03615911, and EudraCT, 2014-003195-23
Findings From Dec 17, 2017, to June 5, 2018, 26 participants (14 in the low-dose group and 12 in the high-dose group) were enrolled and received the first dose of the vaccine according to their group allocation. Of these, 23 participants (12 in the low-dose group and 11 in the high-dose group) received a second dose of MVA-MERS-S according to their group allocation after a 28-day interval and completed follow-up. Homologous prime-boost immunisation with MVA-MERS-S revealed a benign safety profile with only transient mild-to-moderate reactogenicity. Participants had no severe or serious adverse events. 67 vaccine-related adverse events were reported in ten (71%) of 14 participants in the low-dose group, and 111 were reported in ten (83%) of 12 participants in the high-dose group. Solicited local reactions were the most common adverse events: pain was observed in 17 (65%; seven in the low-dose group vs ten in the high-dose group) participants, swelling in ten (38%; two vs eight) participants, and induration in ten (38%; one vs nine) participants. Headaches (observed in seven participants in the low-dose group vs nine in the high-dose group) and fatigue or malaise (ten vs seven participants) were the most common solicited systemic adverse events. All adverse events resolved swiftly (within 1-3 days) and without sequelae. Following booster immunisation, nine (75%) of 12 participants in the low-dose group and 11 (100%) participants in the high-dose group showed seroconversion using a MERS-CoV S1 ELISA at any timepoint during the study. Binding antibody titres correlated with MERS-CoV-specific neutralising antibodies (Spearman's correlation r=0·86 [95% CI 0·6960-0·9427], p=0·0001). MERS-CoV spike-specific T-cell responses were detected in ten (83%) of 12 immunised participants in the low-dose group and ten (91%) of 11 immunised participants in the high-dose group.
Interpretation Vaccination with MVA-MERS-S had a favourable safety profile without serious or severe adverse events. Homologous prime-boost immunisation induced humoral and cell-mediated responses against MERS-CoV. A doseeffect relationship was demonstrated for reactogenicity, but not for vaccine-induced immune responses. The data presented here support further clinical testing of MVA-MERS-S in larger cohorts to advance MERS vaccine development.
www.thelancet.com/infection Published online April 20, 2020 https://doi.",Middle East respiratory syndrome (MERS) is a viral respiratory illness under active surveillance by ,https://doi.org/10.1016/s1473-3099(20)30248-6
