paper_id,title,abstract,body_text,url
6cf9687709d6692542190c677a036b325d38e22c,Environmental Engineers and Scientists Have Important Roles to Play in Stemming Outbreaks and Pandemics Caused by Enveloped Viruses,,"further onward transmission (i.e., indirect transmission). This includes viruses responsible for inf",https://www.ncbi.nlm.nih.gov/pmc/articles/PMC7099656/
47b40b87b9bdeeb187aea994644b79b4a2364aeb,What do we know about the SARS-CoV-2 coronavirus in the environment?,,"In view of the current situation regarding the Covid-19 disease, a discussion is proposed on the nee",https://doi.org/10.1016/j.scitotenv.2020.138647
d2bcf551df384f34222ec31b16167163aac2b34d,,,Type of article: Guest editorial / Op-ED / Perspective Name(s) of the author(s) with the highest aca,https://doi.org/10.1016/j.mjafi.2020.04.001
1989bf8f3de6079242e304cf7fe487f2900a9bbe,,,week of the first day of disease onset (unpublished data). 2 These findings indicate that wastewater,https://doi.org/10.1016/s2468-1253(20)30087-x
aa1f36a1a59e738e319b53d31b53dcb761084676,,,The coronavirus disease pandemic is the biggest challenge and global health crisis for the world sin,https://www.ncbi.nlm.nih.gov/pmc/articles/PMC7164701/
b9ffacdcfda1d28c4e66e502c275d9d246ca8587,Journal Pre-proof Transmission of COVID-19 in the terminal stage of incubation period: a familial cluster Manuscript Title: Transmission of COVID-19 in the terminal stage of incubation period: a familial cluster,,Family and hospital clusters with COVID-19 cases were previously reported and person-to-person trans,https://doi.org/10.1016/j.ijid.2020.03.027
9d183149ec1c0c5172be1c0ca73c9b0c17fad55d,A R T I C L E I N F O,,"A novel zoonotic coronavirus, SARS-CoV-2 has resulted in a pandemic of respiratory infection [1, 2] ",https://doi.org/10.1016/j.eclinm.2020.100325
306ef95a3a91e13a93bcc37fb2c509b67c0b5640,A Novel Approach for a Novel Pathogen: using a home assessment team to evaluate patients for 2019 novel coronavirus (SARS-CoV-2),"Thousands of people in the United States have required testing for SARS-CoV-2. Evaluation for a special pathogen is resource intensive. We report an innovative approach to home assessment that, in collaboration with public health, enables safe evaluation and specimen collection outside the healthcare setting, avoiding unnecessary exposures and resource utilization.","The 2019 novel coronavirus (SARS-CoV-2), identified as the cause of an outbreak of respiratory infec",https://www.ncbi.nlm.nih.gov/pmc/articles/PMC7108172/
b70d27459fd8143edf76721da40cdbca399c9fb1,Science in the fight against the novel coronavirus disease,,"In December 2019, a cluster of viral pneumonia cases of unknown origin emerged in Wuhan, Hubei Provi",https://doi.org/10.1097/cm9.0000000000000777
381e86ca5abb69d89793419c7230c1a4e8a405ee,Letters to the Editor / Journal of Hospital Infection xxx (xxxx) xxx,,"Sir, Zhuhai Special Economic Zone, although distant from Wuhan City and Hubei Province, the source o",https://doi.org/10.1016/j.jhin.2020.02.005
